id,name,major,grade,department, undergraduate/junior_college
2017010101,17级安全工程1班,2017级安全工程,2017,土木工程学院,本科
2017010102,17级安全工程2班(专升本),2017级安全工程,2017,土木工程学院,本科
2017010103,17级道路桥梁与渡河工程1班,2017级道路桥梁与渡河工程,2017,土木工程学院,本科
2017010104,17级动画1班,2017级动画,2017,美术学院,本科
2017010105,17级动画2班,2017级动画,2017,美术学院,本科
2017010106,17级服装与服饰设计,2017级服装与服饰设计,2017,美术学院,本科
2017010107,17级给排水科学与工程1班,2017级给排水科学与工程,2017,环境与化学工程学院,本科
2017010108,17级工商管理1班,2017级工商管理,2017,工商管理学院,本科
2017010109,17级工商管理2班,2017级工商管理,2017,工商管理学院,本科
2017010110,17级工商管理3班(专升本),2017级工商管理,2017,工商管理学院,本科
2017010111,17级广告学1班,2017级广告学,2017,传媒学院,本科
2017010112,17级广告学2班,2017级广告学,2017,传媒学院,本科
2017010113,17级国际经济与贸易1班,2017级国际经济与贸易,2017,财经学院,本科
2017010114,17级国际经济与贸易2班,2017级国际经济与贸易,2017,财经学院,本科
2017010115,17级过程装备与控制工程,2017级过程装备及控制工程,2017,环境与化学工程学院,本科
2017010116,17级化学工程与工艺1班,2017级化学工程与工艺,2017,环境与化学工程学院,本科
2017010117,17级化学工程与工艺2班,2017级化学工程与工艺,2017,环境与化学工程学院,本科
2017010118,17级环境科学1班,2017级环境科学,2017,环境与化学工程学院,本科
2017010119,17级环境科学2班,2017级环境科学,2017,环境与化学工程学院,本科
2017010120,17级环境设计1班,2017级环境设计,2017,环境与化学工程学院,本科
2017010121,17级环境设计2班,2017级环境设计,2017,环境与化学工程学院,本科
2017010122,17级环境设计3班,2017级环境设计,2017,环境与化学工程学院,本科
2017010123,17级环境设计4班,2017级环境设计,2017,环境与化学工程学院,本科
2017010124,17级会计学1班,2017级会计学,2017,财经学院,本科
2017010125,17级会计学2班,2017级会计学,2017,财经学院,本科
2017010126,17级会计学3班,2017级会计学,2017,财经学院,本科
2017010127,17级会计学4班(专升本),2017级会计学,2017,财经学院,本科
2017010128,17级机械电子工程1班,2017级机械电子工程,2017,机械工程学院,本科
2017010129,17级机械电子工程2班,2017级机械电子工程,2017,机械工程学院,本科
2017010130,17级机械设计制造及其自动化1班,2017级机械设计制造及其自动化,2017,机械工程学院,本科
2017010131,17级机械设计制造及其自动化2班,2017级机械设计制造及其自动化,2017,机械工程学院,本科
2017010132,17级机械设计制造及其自动化3班,2017级机械设计制造及其自动化,2017,机械工程学院,本科
2017010133,17级经济统计学,2017级经济统计学,2017,财经学院,本科
2017010134,17级经济学1班,2017级经济学,2017,财经学院,本科
2017010135,17级经济学2班,2017级经济学,2017,财经学院,本科
2017010136,17级酒店管理,2017级酒店管理,2017,工商管理学院,本科
2017010137,17级酒店管理(对口高职),2017级酒店管理（对口高职）,2017,工商管理学院,专科
2017010138,17级美术学1班,2017级美术学,2017,美术学院,本科
2017010139,17级美术学2班,2017级美术学,2017,美术学院,本科
2017010140,17级美术学3班,2017级美术学,2017,美术学院,本科
2017010141,17级民族学,2017级民族学,2017,公共管理学院,本科
2017010142,17级汽车服务工程(对口高职),2017级汽车服务工程(对口高职),2017,机械工程学院,专科
2017010143,17级汽车服务工程1班,2017级汽车服务工程,2017,机械工程学院,本科
2017010144,17级汽车服务工程2班,2017级汽车服务工程,2017,机械工程学院,本科
2017010145,17级市场营销1班,2017级市场营销,2017,工商管理学院,本科
2017010146,17级市场营销2班,2017级市场营销,2017,工商管理学院,本科
2017010147,17级视觉传达设计1班,2017级视觉传达设计,2017,美术学院,本科
2017010148,17级视觉传达设计2班,2017级视觉传达设计,2017,美术学院,本科
2017010149,17级土木工程*,2017级土木工程*,2017,土木工程学院,本科
2017010150,17级土木工程1班,2017级土木工程,2017,土木工程学院,本科
2017010151,17级土木工程2班,2017级土木工程,2017,土木工程学院,本科
2017010152,17级土木工程3班,2017级土木工程,2017,土木工程学院,本科
2017010153,17级土木工程4班(专升本),2017级土木工程,2017,土木工程学院,本科
2017010154,17级网络与新媒体1班,2017级网络与新媒体,2017,传媒学院,本科
2017010155,17级网络与新媒体2班,2017级网络与新媒体,2017,传媒学院,本科
2017010156,17级文化产业管理,2017级文化产业管理,2017,公共管理学院,本科
2018010101,18级安全工程,2018级安全工程,2018,土木工程学院,本科
2018010102,18级安全工程(专升本),2018级安全工程,2018,土木工程学院,本科
2018010103,18级道路桥梁与渡河工程,2018级土木工程,2018,马克思主义学院,本科
2018010104,18级电气工程及其自动化1班,2018级电气工程及其自动化,2018,电子与信息工程学院,本科
2018010105,18级电气工程及其自动化2班,2018级电气工程及其自动化,2018,电子与信息工程学院,本科
2018010106,18级电气工程及其自动化3班,2018级电气工程及其自动化,2018,电子与信息工程学院,本科
2018010107,18级电子信息工程（对口高职）,2018级电子信息工程(对口高职),2018,电子与信息工程学院,专科
2018010108,18级电子信息工程1班,2018级电子信息工程,2018,电子与信息工程学院,本科
2018010109,18级电子信息工程2班,2018级电子信息工程,2018,电子与信息工程学院,本科
2018010110,18级动画1班,2018级动画,2018,美术学院,本科
2018010111,18级动画2班,2018级动画,2018,美术学院,本科
2018010112,18级法学,2018级法学,2018,公共管理学院,本科
2018010113,18级风景园林,2018级风景园林,2018,生物与食品工程学院,本科
2018010114,18级服装与服饰设计,2018级服装与服饰设计,2018,美术学院,本科
2018010115,18级给排水科学与工程（对口高职）,2018级给排水科学与工程(对口高职),2018,环境与化学工程学院,专科
2018010116,18级工商管理1班,2018级土木工程,2018,工商管理学院,本科
2018010117,18级工商管理2班,2018级土木工程,2018,工商管理学院,本科
2018010118,18级广播电视学1班,2018级广播电视学,2018,传媒学院,本科
2018010119,18级广播电视学2班,2018级广播电视学,2018,传媒学院,本科
2018010120,18级广告学1班,2018级广告学,2018,传媒学院,本科
2018010121,18级广告学2班,2018级广告学,2018,传媒学院,本科
2018010122,18级国际经济与贸易1班,2018级国际经济与贸易,2018,财经学院,本科
2018010123,18级国际经济与贸易2班,2018级国际经济与贸易,2018,财经学院,本科
2018010124,18级过程装备与控制工程,2018级过程装备及控制工程,2018,环境与化学工程学院,本科
2018010125,18级汉语言文学(师范)1班,2018级汉语言文学（师范类）,2018,文学院,本科
2018010126,18级汉语言文学(师范)2班,2018级汉语言文学（师范类）,2018,文学院,本科
2018010127,18级汉语言文学(师范)3班,2018级汉语言文学（师范类）,2018,文学院,本科
2018010128,18级汉语言文学(师范)4班,2018级汉语言文学（师范类）,2018,文学院,本科
2018010129,18级汉语言文学1班,2018级汉语言文学,2018,文学院,本科
2018010130,18级汉语言文学2班,2018级汉语言文学,2018,文学院,本科
2018010131,18级化学(师范),2018级物理学(师范类),2018,环境与化学工程学院,本科
2018010132,18级化学工程与工艺1班,2018级化学工程与工艺,2018,环境与化学工程学院,本科
2018010133,18级化学工程与工艺2班,2018级化学工程与工艺,2018,环境与化学工程学院,本科
2018010134,18级环保设备工程,2018级环保设备工程,2018,环境与化学工程学院,本科
2018010135,18级环境科学1班(双百),2018级环境科学,2018,环境与化学工程学院,本科
2018010136,18级环境科学2班(双百),2018级环境科学,2018,环境与化学工程学院,本科
2018010137,18级环境设计1班,2018级环境设计,2018,美术学院,本科
2018010138,18级环境设计2班,2018级环境设计,2018,美术学院,本科
2018010139,18级环境设计3班,2018级环境设计,2018,美术学院,本科
2018010140,18级环境设计4班,2018级环境设计,2018,美术学院,本科
2018010141,18级会计学(对口高职),2018级经济统计学,2018,马克思主义学院,专科
2018010142,18级会计学1班,2018级会计学,2018,财经学院,本科
2018010143,18级会计学2班,2018级会计学,2018,财经学院,本科
2018010144,18级会计学3班,2018级会计学,2018,财经学院,本科
2018010145,18级会计学4班(专升本),2018级会计学,2018,财经学院,本科
2018010146,18级机械电子工程(对口高职长航),2018级机械电子工程(对口高职),2018,机械工程学院,专科
2018010147,18级机械电子工程1班,2018级机械电子工程,2018,机械工程学院,本科
2018010148,18级机械电子工程2班,2018级机械电子工程,2018,机械工程学院,本科
2018010149,18级机械设计制造及其自动化1班,2018级机械设计制造及其自动化,2018,机械工程学院,本科
2018010150,18级机械设计制造及其自动化2班,2018级机械设计制造及其自动化,2018,机械工程学院,本科
2018010151,18级机械设计制造及其自动化3班,2018级机械设计制造及其自动化,2018,机械工程学院,本科
2018010152,18级计算机科学与技术1班,2018级计算机科学与技术,2018,计算机科学与工程学院,本科
2018010153,18级计算机科学与技术2班(中兴),2018级计算机科学与技术,2018,计算机科学与工程学院,本科
2018010154,18级经济统计学,2018级经济统计学,2018,财经学院,本科
2018010155,18级经济学1班,2018级经济学,2018,财经学院,本科
2018010156,18级经济学2班,2018级经济学,2018,财经学院,本科
2018010157,18级酒店管理,2018级酒店管理,2018,工商管理学院,本科
2018010158,18级酒店管理(对口高职),2018级酒店管理（对口高职）,2018,工商管理学院,专科
2018010159,18级劳动与社会保障,2018级劳动与社会保障,2018,公共管理学院,本科
2018010160,18级旅游管理(长航),2018级旅游管理,2018,工商管理学院,本科
2018010161,18级旅游管理1班,2018级旅游管理,2018,工商管理学院,本科
2018010162,18级旅游管理2班,2018级旅游管理,2018,工商管理学院,本科
2018010163,18级旅游管理3班(长航),2018级旅游管理,2018,财经学院,本科
2018010164,18级美术学(版画与插画),2018级美术学(版画与插画),2018,美术学院,本科
2018010165,18级美术学(雕塑与壁画),2018级美术学(雕塑与壁画),2018,美术学院,本科
2018010166,18级美术学(花鸟),2018级美术学(花鸟),2018,美术学院,本科
2018010167,18级美术学(人物),2018级美术学(人物),2018,美术学院,本科
2018010168,18级美术学(山水),2018级美术学(山水),2018,美术学院,本科
2018010169,18级美术学(水性绘画),2018级美术学(水性绘画),2018,美术学院,本科
2018010170,18级美术学(油画1),2018级美术学(油画1),2018,美术学院,本科
2018010171,18级美术学(油画2),2018级美术学(油画2),2018,美术学院,本科
2018010172,18级美术学(油画3),2018级美术学(油画3),2018,美术学院,本科
2018010173,18级美术学1班,2018级美术学,2018,美术学院,本科
2018010174,18级美术学2班,2018级美术学,2018,美术学院,本科
2018010175,18级美术学3班,2018级美术学,2018,美术学院,本科
2018010176,18级民族学,2018级民族学,2018,公共管理学院,本科
2018010177,18级汽车服务工程(对口高职),2018级汽车服务工程(对口高职),2018,机械工程学院,专科
2018010178,18级汽车服务工程1班,2018级汽车服务工程,2018,机械工程学院,本科
2018010179,18级汽车服务工程2班,2018级汽车服务工程,2018,机械工程学院,本科
2018010180,18级日语,2018级日语,2018,外国语学院,本科
2018010181,18级软件工程1班,2018级软件工程,2018,计算机科学与工程学院,本科
2018010182,18级软件工程2班(中兴),2018级软件工程,2018,计算机科学与工程学院,本科
2018010183,18级软件工程3班(中兴),2018级软件工程,2018,计算机科学与工程学院,本科
2018010184,18级生物技术,2018级生物技术,2018,生物与食品工程学院,本科
2018010185,18级生物技术(专升本),2018级生物技术,2018,生物与食品工程学院,本科
2018010186,18级生物科学(师范),2018级生物科学(师范类),2018,教师教育学院,本科
2018010187,18级食品科学与工程1班(双百),2018级食品科学与工程,2018,生物与食品工程学院,本科
2018010188,18级食品科学与工程2班(双百),2018级食品科学与工程,2018,生物与食品工程学院,本科
2018010189,18级食品质量与安全,2018级食品质量与安全,2018,生物与食品工程学院,本科
2018010190,18级食品质量与安全(专升本),2018级食品质量与安全,2018,生物与食品工程学院,本科
2018010191,18级市场营销1班,2018级市场营销,2018,工商管理学院,本科
2018010192,18级市场营销2班,2018级市场营销,2018,工商管理学院,本科
2018010193,18级视觉传达设计1班,2018级视觉传达设计,2018,美术学院,本科
2018010194,18级视觉传达设计2班,2018级视觉传达设计,2018,美术学院,本科
2018010195,18级视觉传达设计3班,2018级视觉传达设计,2018,美术学院,本科
2018010196,18级数学与应用数学(师范)1班,2018级数学与应用数学(师范类),2018,数学与统计学院,本科
2018010197,18级数学与应用数学(师范)2班,2018级数学与应用数学(师范类),2018,数学与统计学院,本科
2018010198,18级数学与应用数学(师范)3班,2018级数学与应用数学(师范类),2018,数学与统计学院,本科
2018010199,18级思想政治教育(师范),2018级思想政治教育(师范类),2018,马克思主义学院,本科
2018010200,18级体育教育(师范)1班,2018级体育教育,2018,体育与健康学院,本科
2018010201,18级体育教育(师范)2班,2018级体育教育,2018,体育与健康学院,本科
2018010202,18级体育教育(师范)3班,2018级体育教育,2018,体育与健康学院,本科
2018010203,18级体育教育(师范)4班,2018级体育教育,2018,体育与健康学院,本科
2018010204,18级体育教育(师范)5班,2018级体育教育,2018,体育与健康学院,本科
2018010205,18级通信工程1班(中兴),2018级通信工程,2018,电子与信息工程学院,本科
2018010206,18级通信工程2班(中兴),2018级通信工程,2018,电子与信息工程学院,本科
2018010207,18级通信工程3班(中兴),2018级通信工程,2018,电子与信息工程学院,本科
2018010208,18级统计学,2018级统计学,2018,数学与统计学院,本科
2018010209,18级土木工程1班,2018级土木工程,2018,土木工程学院,本科
2018010210,18级土木工程2班,2018级土木工程,2018,土木工程学院,本科
2018010211,18级土木工程3班,2018级物理学(师范类),2018,土木工程学院,本科
2018010212,18级土木工程4班(专升本),2018级土木工程,2018,土木工程学院,本科
2018010213,18级网络与新媒体1班,2018级网络与新媒体,2018,传媒学院,本科
2018010214,18级网络与新媒体2班,2018级网络与新媒体,2018,传媒学院,本科
2018010215,18级文化产业管理,2018级文化产业管理,2018,公共管理学院,本科
2018010216,18级物理学(师范),2020级英语,2018,教师教育学院,本科
2018010217,18级物联网工程1班,2018级物联网工程,2018,计算机科学与工程学院,本科
2018010218,18级物联网工程2班,2018级物联网工程,2018,计算机科学与工程学院,本科
2018010219,18级小学教育(师范)1班,2018级小学教育(师范类),2018,教师教育学院,本科
2018010220,18级小学教育(师范)2班,2018级小学教育(师范类),2018,教师教育学院,本科
2018010221,18级小学教育(师范)3班,2018级小学教育(师范类),2018,教师教育学院,本科
2018010222,18级小学教育(师范)4班,2018级小学教育(师范类),2018,教师教育学院,本科
2018010223,18级小学教育(师范)5班,2018级小学教育(师范类),2018,文学院,本科
2018010224,18级小学教育(师范)6班,2018级小学教育(师范类),2018,文学院,本科
2018010225,18级信息管理与信息系统(对口高职中科),2018级信息与计算科学,2018,马克思主义学院,专科
2018010226,18级信息管理与信息系统1班,2018级信息管理与信息系统,2018,计算机科学与工程学院,本科
2018010227,18级信息管理与信息系统2班(中科),2018级信息管理与信息系统,2018,计算机科学与工程学院,本科
2018010228,18级信息与计算科学,2018级信息管理与信息系统(对口高职),2018,计算机科学与工程学院,本科
2018010229,18级英语(师范)1班,2018级英语(师范类),2018,外国语学院,本科
2018010230,18级英语(师范)2班,2018级英语(师范类),2018,外国语学院,本科
2018010231,18级英语(师范)3班,2018级英语(师范类),2018,外国语学院,本科
2018010232,18级英语(师范)4班,2018级英语(师范类),2018,外国语学院,本科
2018010233,18级英语（长航）,2018级英语,2018,外国语学院,本科
2018010234,18级英语1班,2018级英语,2018,外国语学院,本科
2018010235,18级英语2班,2018级英语,2018,外国语学院,本科
2018010236,18级英语3班,2018级英语,2018,外国语学院,本科
2018010237,18级英语4班(长航),2018级英语,2018,外国语学院,本科
2018010238,18级英语4班(专升本),2018级英语,2018,外国语学院,本科
2018010239,18级园艺,2018级园艺,2018,生物与食品工程学院,本科
2018010240,18级运动人体科学,2018级运动人体科学,2018,体育与健康学院,本科
2018010241,18级智能科学与技术,2018级智能科学与技术,2018,电子与信息工程学院,本科
2019010101,19级安全工程,2019级安全工程,2019,教师教育学院,本科
2019010102,19级道路桥梁与渡河工程,2019级道路桥梁与渡河工程,2019,教师教育学院,本科
2019010103,19级电气工程及其自动化,2019级电气工程及其自动化,2019,电子与信息工程学院,本科
2019010104,19级电子信息工程(对口高职),2019级电子信息工程(对口高职),2019,电子与信息工程学院,专科
2019010105,19级电子信息工程1班,2019级电子信息工程,2019,电子与信息工程学院,本科
2019010106,19级电子信息工程2班,2019级电子信息工程,2019,电子与信息工程学院,本科
2019010107,19级动画1班,2019级动画,2019,招就处,本科
2019010108,19级动画2班,2019级动画,2019,招就处,本科
2019010109,19级法学,2019级法学,2019,公共管理学院,本科
2019010110,19级风景园林,2019级风景园林,2019,公外教学部,本科
2019010111,19级服装与服饰设计,2019级服装与服饰设计,2019,招就处,本科
2019010112,19级给排水科学与工程,2019级给排水科学与工程,2019,马克思主义学院,本科
2019010113,19级广播电视学1班,2019级广播电视学,2019,传媒学院,本科
2019010114,19级广播电视学2班,2019级广播电视学,2019,传媒学院,本科
2019010115,19级广告学,2019级广告学,2019,传媒学院,本科
2019010116,19级国际经济与贸易1班,2019级国际经济与贸易,2019,数学与统计学院,本科
2019010117,19级国际经济与贸易2班,2019级国际经济与贸易,2019,数学与统计学院,本科
2019010118,19级过程装备及控制工程,2019级过程装备及控制工程,2019,计算机科学与工程学院,本科
2019010119,19级汉语言文学(师范)1班,2019级汉语言文学（师范类）,2019,招就处,本科
2019010120,19级汉语言文学(师范)2班,2019级国际经济与贸易G,2019,招就处,本科
2019010121,19级汉语言文学(师范)3班,2019级汉语言文学（师范类）,2019,招就处,本科
2019010122,19级汉语言文学(师范)4班,2019级汉语言文学（师范类）,2019,招就处,本科
2019010123,19级汉语言文学1班,2019级汉语言文学,2019,文学院,本科
2019010124,19级汉语言文学2班,2019级汉语言文学,2019,文学院,本科
2019010125,19级化学(师范),2019级化学（师范类）,2019,教师教育学院,本科
2019010126,19级化学工程与工艺1班,2019级化学工程与工艺,2019,数学与统计学院,本科
2019010127,19级化学工程与工艺2班,2019级化学工程与工艺,2019,教师教育学院,本科
2019010128,19级环保设备工程,2019级环保设备工程,2019,马克思主义学院,本科
2019010129,19级环境科学1班(双百),2019级环境科学,2019,环境与化学工程学院,本科
2019010130,19级环境科学2班(双百),2019级环境科学,2019,环境与化学工程学院,本科
2019010131,19级环境设计1班,2019级环境设计,2019,环境与化学工程学院,本科
2019010132,19级环境设计2班,2019级环境设计,2019,环境与化学工程学院,本科
2019010133,19级环境设计3班,2019级环境设计,2019,环境与化学工程学院,本科
2019010134,19级环境设计4班,2019级环境设计,2019,环境与化学工程学院,本科
2019010135,19级会计学(对口高职),2019级会计学,2019,财经学院,专科
2019010136,19级会计学1班,2019级会计学(对口高职）,2019,财经学院,本科
2019010137,19级会计学2班,2019级会计学(对口高职）,2019,财经学院,本科
2019010138,19级机械电子工程(对口高职),2019级机械电子工程(对口高职),2019,机械工程学院,专科
2019010139,19级机械电子工程1班,2019级机械电子工程,2019,机械工程学院,本科
2019010140,19级机械电子工程2,2019级机械电子工程,2019,机械工程学院,本科
2019010141,19级机械电子工程2班,2019级机械电子工程,2019,机械工程学院,本科
2019010142,19级机械设计制造及其自动化1班,2019级机械设计制造及其自动化,2019,机械工程学院,本科
2019010143,19级机械设计制造及其自动化2班,2019级机械设计制造及其自动化,2019,机械工程学院,本科
2019010144,19级机械设计制造及其自动化3班,2019级机械设计制造及其自动化,2019,机械工程学院,本科
2019010145,19级计算机科学与技术1班,2019级计算机科学与技术,2019,计算机科学与工程学院,本科
2019010146,19级计算机科学与技术2班(中兴),2019级计算机科学与技术,2019,计算机科学与工程学院,本科
2019010147,19级经济统计学,2019级经济统计学,2019,财经学院,本科
2019010148,19级经济学1班,2019级经济学,2019,财经学院,本科
2019010149,19级经济学2班,2019级经济学,2019,财经学院,本科
2019010150,19级酒店管理(对口高职),2019级酒店管理（对口高职）,2019,工商管理学院,专科
2019010151,19级酒店管理1班,2019级酒店管理,2019,工商管理学院,本科
2019010152,19级酒店管理2班,2019级酒店管理,2019,工商管理学院,本科
2019010153,19级劳动与社会保障,2019级劳动与社会保障,2019,公共管理学院,本科
2019010154,19级旅游管理1班,2019级旅游管理,2019,工商管理学院,本科
2019010155,19级旅游管理2班,2019级旅游管理,2019,工商管理学院,本科
2019010156,19级美术学(花鸟),2019级美术学(花鸟),2019,美术学院,本科
2019010157,19级美术学(水性绘画),2019级美术学(水性绘画),2019,美术学院,本科
2019010158,19级美术学(油画1),2019级美术学(油画1),2019,美术学院,本科
2019010159,19级美术学(油画2),2019级美术学(油画2),2019,美术学院,本科
2019010160,19级美术学(油画3),2019级美术学(油画3),2019,美术学院,本科
2019010161,19级美术学1班,2019级美术学,2019,美术学院,本科
2019010162,19级美术学2班,2019级美术学,2019,美术学院,本科
2019010163,19级美术学3班,2019级美术学,2019,美术学院,本科
2019010164,19级民族学,2019级民族学,2019,公共管理学院,本科
2019010165,19级汽车服务工程,2019级汽车服务工程,2019,机械工程学院,本科
2019010166,19级汽车服务工程(对口高职),2019级汽车服务工程(对口高职),2019,公外教学部,专科
2019010167,19级日语,2019级英语,2019,招就处,本科
2019010168,19级软件工程(对口高职中兴),2019级软件工程(对口高职),2019,公外教学部,专科
2019010169,19级软件工程1班,2019级软件工程,2019,计算机科学与工程学院,本科
2019010170,19级软件工程2班(中兴),2019级软件工程,2019,计算机科学与工程学院,本科
2019010171,19级生物技术,2019级生物技术,2019,生物与食品工程学院,本科
2019010172,19级生物科学(师范),2019级生物科学(师范类),2019,教师教育学院,本科
2019010173,19级食品科学与工程1班(双百),2019级食品科学与工程,2019,生物与食品工程学院,本科
2019010174,19级食品科学与工程2班(双百),2019级食品科学与工程,2019,生物与食品工程学院,本科
2019010175,19级食品质量与安全,2019级食品质量与安全,2019,生物与食品工程学院,本科
2019010176,19级市场营销1班,2019级市场营销,2019,工商管理学院,本科
2019010177,19级市场营销2班,2019级市场营销,2019,公外教学部,本科
2019010178,19级视觉传达设计1班,2019级视觉传达设计,2019,美术学院,本科
2019010179,19级视觉传达设计2班,2019级视觉传达设计,2019,美术学院,本科
2019010180,19级视觉传达设计3班,2019级视觉传达设计,2019,美术学院,本科
2019010181,19级数据科学与大数据技术,2019级数据科学与大数据技术,2019,招就处,本科
2019010182,19级数学与应用数学(师范)1班,2019级数学与应用数学(师范类),2019,教师教育学院,本科
2019010183,19级数学与应用数学(师范)2班,2019级数学与应用数学(师范类),2019,数学与统计学院,本科
2019010184,19级思想政治教育(师范),2019级思想政治教育(师范类),2019,马克思主义学院,本科
2019010185,19级体育教育(师范)1班,2019级体育教育,2019,马克思主义学院,本科
2019010186,19级体育教育(师范)2班,2019级体育教育,2019,体育与健康学院,本科
2019010187,19级体育教育(师范)3班,2019级体育教育,2019,体育与健康学院,本科
2019010188,19级体育教育(师范)4班,2019级体育教育,2019,体育与健康学院,本科
2019010189,19级通信工程1班(中兴),2019级通信工程,2019,电子与信息工程学院,本科
2019010190,19级通信工程2班(中兴),2019级通信工程,2019,电子与信息工程学院,本科
2019010191,19级通信工程3班(中兴,2019级通信工程,2019,电子与信息工程学院,本科
2019010192,19级通信工程3班(中兴),2019级通信工程,2019,电子与信息工程学院,本科
2019010193,19级统计学,2019级统计学,2019,招就处,本科
2019010194,19级土木工程1班,2019级土木工程,2019,教师教育学院,本科
2019010195,19级土木工程2班,2019级土木工程,2019,土木工程学院,本科
2019010196,19级土木工程3班,2019级土木工程,2019,土木工程学院,本科
2019010197,19级网络与新媒体1班,2019级网络与新媒体,2019,传媒学院,本科
2019010198,19级网络与新媒体2班,2019级网络与新媒体,2019,传媒学院,本科
2019010199,19级文化产业管理1班,2019级文化产业管理,2019,公共管理学院,本科
2019010200,19级文化产业管理2班,2019级文化产业管理,2019,公共管理学院,本科
2019010201,19级物理学(师范),2019级生物科学(师范类),2019,教师教育学院,本科
2019010202,19级物联网工程1班,2019级物联网工程,2019,计算机科学与工程学院,本科
2019010203,19级物联网工程2班,2019级物联网工程,2019,计算机科学与工程学院,本科
2019010204,19级小学教育(师范)1班,2019级小学教育(师范类),2019,教师教育学院,本科
2019010205,19级小学教育(师范)2班,2019级小学教育(师范类),2019,教师教育学院,本科
2019010206,19级小学教育(师范)3班,2019级小学教育(师范类),2019,公外教学部,本科
2019010207,19级小学教育(师范)4班,2019级小学教育(师范类),2019,教师教育学院,本科
2019010208,19级小学教育(师范)5班,2019级小学教育(师范类),2019,教师教育学院,本科
2019010209,19级信息管理与信息系统(对口高职中科),2019级信息管理与信息系统(对口高职),2019,计算机科学与工程学院,专科
2019010210,19级信息管理与信息系统1班,2019级信息管理与信息系统,2019,电子与信息工程学院,本科
2019010211,19级信息管理与信息系统2班(中科),2019级信息管理与信息系统,2019,计算机科学与工程学院,本科
2019010212,19级信息与计算科学1班,2019级信息与计算科学,2019,计算机科学与工程学院,本科
2019010213,19级信息与计算科学2班,2019级信息与计算科学,2019,计算机科学与工程学院,本科
2019010214,19级英语(师范)1班,2019级英语(师范类),2019,外国语学院,本科
2019010215,19级英语(师范)2班,2019级英语(师范类),2019,外国语学院,本科
2019010216,19级英语(师范)3班,2019级英语(师范类),2019,外国语学院,本科
2019010217,19级英语1班,2019级英语,2019,招就处,本科
2019010218,19级英语2班,2019级英语,2019,招就处,本科
2019010219,19级英语3班,2019级英语,2019,招就处,本科
2019010220,19级英语4班,2019级英语,2019,外国语学院,本科
2019010221,19级园艺,2019级园艺,2019,公外教学部,本科
2019010222,19级运动人体科学,2019级民族学,2019,体育与健康学院,本科
2019010223,19级智能科学与技术,2019级智能科学与技术,2019,电子与信息工程学院,本科
2019010224,2019级工商管理1班,2019级工商管理,2019,数学与统计学院,本科
2019010225,2019级工商管理2班,2019级工商管理,2019,数学与统计学院,本科
2019010226,2019级国际经济与贸易G,2019级汉语言文学(师范)G,2019,招就处,本科
2019010227,2019级汉语言文学(师范)G,2019级汉语言文学(师范)G,2019,招就处,本科
2020010101,20级安全工程,2020级环保设备工程,2020,马克思主义学院,本科
2020010102,20级大数据管理与应用,2020级信息与计算科学,2020,马克思主义学院,本科
2020010103,20级电气工程及其自动化1班,2020级电气工程及其自动化,2020,电子与信息工程学院,本科
2020010104,20级电气工程及其自动化2班,2020级电气工程及其自动化,2020,电子与信息工程学院,本科
2020010105,20级电子信息工程1班,2020级电子信息工程,2020,电子与信息工程学院,本科
2020010106,20级电子信息工程2班,2020级电子信息工程,2020,电子与信息工程学院,本科
2020010107,20级电子信息工程3班,2020级电子信息工程,2020,公外教学部,本科
2020010108,20级动画1班,2020级动画,2020,美术学院,本科
2020010109,20级动画2班,2020级动画,2020,文学院,本科
2020010110,20级法学,2020级法学,2020,公共管理学院,本科
2020010111,20级风景园林,2020级风景园林,2020,计算机科学与工程学院,本科
2020010112,20级服装与服饰设计,2020级服装与服饰设计,2020,公外教学部,本科
2020010113,20级给排水科学与工程,2020级智能科学与技术,2020,马克思主义学院,本科
2020010114,20级工商管理类1班,2020级工商管理类,2020,工商管理学院,本科
2020010115,20级工商管理类2班,2020级工商管理类,2020,工商管理学院,本科
2020010116,20级工商管理类3班,2020级工商管理类,2020,工商管理学院,本科
2020010117,20级工商管理类4班,2020级工商管理类,2020,工商管理学院,本科
2020010118,20级广播电视学1班,2020级广播电视学,2020,传媒学院,本科
2020010119,20级广播电视学2班,2021级广播电视学,2020,传媒学院,本科
2020010120,20级广告学,2020级广告学,2020,传媒学院,本科
2020010121,20级国际经济与贸易1班,2020级国际经济与贸易,2020,传媒学院,本科
2020010122,20级国际经济与贸易2班,2020级国际经济与贸易,2020,传媒学院,本科
2020010123,20级国际学生提高班,2020级国际学生提高,2020,传媒学院,本科
2020010124,20级过程装备与控制工程,2020级给排水科学与工程,2020,环境与化学工程学院,本科
2020010125,20级汉语言文学(师范)1班,2020级汉语言文学（师范类）,2020,文学院,本科
2020010126,20级汉语言文学(师范)2班,2020级汉语言文学（师范类）,2020,文学院,本科
2020010127,20级汉语言文学(师范)3班,2020级汉语言文学（师范类）,2020,文学院,本科
2020010128,20级汉语言文学(师范)4班,2020级汉语言文学（师范类）,2020,文学院,本科
2020010129,20级汉语言文学1班,2020级汉语言文学,2020,公外教学部,本科
2020010130,20级汉语言文学2班,2020级汉语言文学,2020,公外教学部,本科
2020010131,20级化学(师范),2020级化学（师范类）,2020,环境与化学工程学院,本科
2020010132,20级化学工程与工艺1班,2020级化学工程与工艺,2020,环境与化学工程学院,本科
2020010133,20级化学工程与工艺2班,2020级化学工程与工艺,2020,环境与化学工程学院,本科
2020010134,20级环保设备工程,2020级安全工程,2020,环境与化学工程学院,本科
2020010135,20级环境科学1班,2020级环境科学,2020,环境与化学工程学院,本科
2020010136,20级环境科学2班,2020级环境科学,2020,环境与化学工程学院,本科
2020010137,20级环境设计1班,2020级环境设计,2020,环境与化学工程学院,本科
2020010138,20级环境设计2班,2020级环境设计,2020,环境与化学工程学院,本科
2020010139,20级环境设计3班,2020级环境设计,2020,环境与化学工程学院,本科
2020010140,20级会计学(对口高职),2020级会计学(对口高职）,2020,数学与统计学院,专科
2020010141,20级会计学1班,2020级会计学,2020,马克思主义学院,本科
2020010142,20级会计学2班,2020级会计学,2020,马克思主义学院,本科
2020010143,20级机械电子工程,2020级机械电子工程,2020,计算机科学与工程学院,本科
2020010144,20级机械电子工程(对口高职),2020级机械电子工程(对口高职),2020,机械工程学院,专科
2020010145,20级机械设计制造及其自动化1班,2020级机械设计制造及其自动化,2020,公外教学部,本科
2020010146,20级机械设计制造及其自动化2班,2020级机械设计制造及其自动化,2020,计算机科学与工程学院,本科
2020010147,20级计算机科学与技术1班,2020级计算机科学与技术,2020,计算机科学与工程学院,本科
2020010148,20级计算机科学与技术2班,2020级计算机科学与技术,2020,计算机科学与工程学院,本科
2020010149,20级经济统计学,2020级经济统计学,2020,财经学院,本科
2020010150,20级经济学1班,2020级经济统计学,2020,财经学院,本科
2020010151,20级经济学2班,2020级经济学,2020,财经学院,本科
2020010152,20级酒店管理(对口高职),2020级酒店管理（对口高职）,2020,工商管理学院,专科
2020010153,20级劳动与社会保障,2020级劳动与社会保障,2020,公共管理学院,本科
2020010154,20级旅游管理类1班,2020级旅游管理类,2020,公外教学部,本科
2020010155,20级旅游管理类2班,2020级旅游管理类,2020,公外教学部,本科
2020010156,20级旅游管理类3班,2020级旅游管理类,2020,公外教学部,本科
2020010157,20级旅游管理类4班,2020级旅游管理类,2020,公外教学部,本科
2020010158,20级美术学1班,2020级美术学,2020,美术学院,本科
2020010159,20级美术学2班,2020级美术学,2020,文学院,本科
2020010160,20级美术学3班,2020级美术学,2020,公外教学部,本科
2020010161,20级民族学,2020级民族学,2020,公共管理学院,本科
2020010162,20级汽车服务工程,2020级汽车服务工程,2020,计算机科学与工程学院,本科
2020010163,20级汽车服务工程(对口高职),2020级汽车服务工程(对口高职),2020,计算机科学与工程学院,专科
2020010164,20级日语,2020级日语,2020,文学院,本科
2020010165,20级软件工程1班,2020级软件工程,2020,马克思主义学院,本科
2020010166,20级软件工程2班,2020级软件工程,2020,马克思主义学院,本科
2020010167,20级生物技术,2020级信息管理与信息系统,2020,马克思主义学院,本科
2020010168,20级生物科学(师范),2020级生物科学(师范类),2020,计算机科学与工程学院,本科
2020010169,20级食品科学与工程1班,2020级食品科学与工程,2020,计算机科学与工程学院,本科
2020010170,20级食品科学与工程2班,2020级食品科学与工程,2020,生物与食品工程学院,本科
2020010171,20级食品质量与安全,2020级食品质量与安全,2020,生物与食品工程学院,本科
2020010172,20级视觉传达设计1班,2020级视觉传达设计,2020,美术学院,本科
2020010173,20级视觉传达设计2班,2020级视觉传达设计,2020,美术学院,本科
2020010174,20级数据科学与大数据技术,2020级数据科学与大数据技术,2020,美术学院,本科
2020010175,20级数学与应用数学(师范)1,2020级数据科学与大数据技术,2020,数学与统计学院,本科
2020010176,20级数学与应用数学(师范)1班,2020级数学与应用数学(师范类),2020,数学与统计学院,本科
2020010177,20级数学与应用数学(师范)2班,2020级数学与应用数学(师范类),2020,数学与统计学院,本科
2020010178,20级思想政治教育(师范),2020级思想政治教育(师范类),2020,马克思主义学院,本科
2020010179,20级体育教育(师范)1班,2020级体育教育,2020,体育与健康学院,本科
2020010180,20级体育教育(师范)2班,2020级体育教育,2020,体育与健康学院,本科
2020010181,20级体育教育(师范)3班,2020级体育教育,2020,体育与健康学院,本科
2020010182,20级体育教育(师范)4班,2020级体育教育,2020,体育与健康学院,本科
2020010183,20级通信工程,2020级通信工程,2020,电子与信息工程学院,本科
2020010184,20级统计学,2020级统计学,2020,公外教学部,本科
2020010185,20级土木工程类1班,2020级土木工程类,2020,马克思主义学院,本科
2020010186,20级土木工程类2班,2020级土木工程类,2020,马克思主义学院,本科
2020010187,20级土木工程类3班,2020级土木工程类,2020,数学与统计学院,本科
2020010188,20级土木工程类4班,2020级土木工程类,2020,数学与统计学院,本科
2020010189,20级网络与新媒体1班,2020级网络与新媒体,2020,马克思主义学院,本科
2020010190,20级网络与新媒体2班,2020级网络与新媒体,2020,马克思主义学院,本科
2020010191,20级文化产业管理1班,2020级文化产业管理,2020,公共管理学院,本科
2020010192,20级文化产业管理2班,2020级文化产业管理,2020,公共管理学院,本科
2020010193,20级物理学(师范),2020级物理学(师范类),2020,公外教学部,本科
2020010194,20级物联网工程,2020级物联网工程,2020,计算机科学与工程学院,本科
2020010195,20级物联网工程G班,2020级物联网工程G,2020,计算机科学与工程学院,本科
2020010196,20级小学教育(师范)1班,2020级小学教育(师范类),2020,教师教育学院,本科
2020010197,20级小学教育(师范)2班,2020级小学教育(师范类),2020,教师教育学院,本科
2020010198,20级小学教育(师范)3班,2020级小学教育(师范类),2020,教师教育学院,本科
2020010199,20级小学教育(师范)4班,2020级小学教育(师范类),2020,教师教育学院,本科
2020010200,20级信息管理与信息系统,2020级信息管理与信息系统,2020,计算机科学与工程学院,本科
2020010201,20级信息与计算科学,2020级信息与计算科学,2020,计算机科学与工程学院,本科
2020010202,20级英语(师范)1班,2020级英语(师范类),2020,外国语学院,本科
2020010203,20级英语(师范)2班,2020级英语(师范类),2020,外国语学院,本科
2020010204,20级英语(师范)3班,2020级英语(师范类),2020,外国语学院,本科
2020010205,20级英语1班,2020级英语,2020,外国语学院,本科
2020010206,20级英语2班,2020级英语,2020,外国语学院,本科
2020010207,20级英语3班,2020级英语,2020,外国语学院,本科
2020010208,20级英语4班,2020级英语,2020,外国语学院,本科
2020010209,20级运动人体科学,2020级运动人体科学,2020,体育与健康学院,本科
2020010210,20级植物生产类1班,2020级植物生产类,2020,环境与化学工程学院,本科
2020010211,20级植物生产类2班,2020级植物生产类,2020,环境与化学工程学院,本科
2020010212,20级智能科学与技术,2020级给排水科学与工程,2020,环境与化学工程学院,本科
